[{"primary-widget":["bdaia-widget-html-2","bdaia-widget-box5-2","bdaia-widget-counter-2","bdaia-widget-facebook-2","bd-login-2"]},{"bdaia-widget-html":{"2":{"title":"About Me","html_code":"<p style=\"padding-bottom: 20px; text-align: center;\"><img src=\"http:\/\/woo.bdayh.com\/woo-blog2\/wp-content\/uploads\/2016\/04\/si2-pic.jpg\" alt=\"\" \/><\/p>\r\n\r\n<p style=\"text-align: center;\">I\u2019m Amr Sadek, husband, father, and a tech geek. I love Photography<\/p>\r\n\r\n<p style=\"padding-top: 15px; text-align: center;\"><img src=\"http:\/\/woo.bdayh.com\/woo-blog2\/wp-content\/uploads\/2016\/04\/si.png\" alt=\"\" \/><\/p>","image":""},"_multiwidget":1},"bdaia-widget-box5":{"2":{"title":"Latest Posts","num_posts":"1","box_color":"","cat_uid":"","cat_uids":"","tag_slug":"","posts":"","sort_order":"","review":"","com_meta":"","author_meta":"true","date_meta":"true","thumbnail":"","ajax_pagination":""},"_multiwidget":1},"bdaia-widget-counter":{"2":{"title":"Stay Connected","get_posts_count":"true","get_comments_count":null,"get_members_count":null,"rssurl":null,"drbl_un":"","access_token":"","forrst_id":null,"delicious":"chriscoyier","facebookn":"","fb_access_token":"","gplusn":"","gplusn_api":"","youtubeun":"","youtube_api_key":"","vimocn":"kidproof","soundcloudun":"","socialstyle":"style4","youtube_type":"user","instgram":"","instgram_token":"","soundcloud_api":"","twitter":""},"_multiwidget":1},"bdaia-widget-facebook":{"2":{"title":"Find us on Facebook","page_url":"https:\/\/www.facebook.com\/bdayhwp\/"},"_multiwidget":1},"bd-login":{"2":{"title":"Login"},"_multiwidget":1}}]