{
    "version": 5,
    "options": {
        "bd_cat_5": "a:15:{s:14:\"bdaia_fp_speed\";s:0:\"\";s:13:\"bdaia_fp_time\";s:0:\"\";s:14:\"bdaia_fp_style\";s:7:\"default\";s:19:\"bdaia_fp_sort_order\";s:0:\"\";s:18:\"bdaia_fp_num_posts\";s:0:\"\";s:15:\"bdaia_fp_offset\";s:0:\"\";s:9:\"cat_color\";s:0:\"\";s:16:\"custom_styles_bd\";a:6:{s:3:\"img\";s:0:\"\";s:5:\"color\";s:0:\"\";s:6:\"repeat\";s:0:\"\";s:10:\"attachment\";s:0:\"\";s:3:\"hor\";s:0:\"\";s:3:\"ver\";s:0:\"\";}s:22:\"bdaia_cat_post_display\";s:11:\"blockStyle6\";s:23:\"bdaia_cat_post_template\";s:0:\"\";s:10:\"sidebar_po\";s:0:\"\";s:13:\"logo_displays\";s:0:\"\";s:11:\"logo_upload\";s:0:\"\";s:11:\"logo_retina\";s:0:\"\";s:17:\"retina_logo_width\";s:0:\"\";}",
        "bd_cat_8": "a:14:{s:14:\"bdaia_fp_speed\";s:0:\"\";s:13:\"bdaia_fp_time\";s:0:\"\";s:14:\"bdaia_fp_style\";s:7:\"default\";s:19:\"bdaia_fp_sort_order\";s:0:\"\";s:18:\"bdaia_fp_num_posts\";s:0:\"\";s:15:\"bdaia_fp_offset\";s:0:\"\";s:9:\"cat_color\";s:0:\"\";s:16:\"custom_styles_bd\";a:6:{s:3:\"img\";s:0:\"\";s:5:\"color\";s:0:\"\";s:6:\"repeat\";s:0:\"\";s:10:\"attachment\";s:0:\"\";s:3:\"hor\";s:0:\"\";s:3:\"ver\";s:0:\"\";}s:23:\"bdaia_cat_post_template\";s:0:\"\";s:10:\"sidebar_po\";s:0:\"\";s:13:\"logo_displays\";s:0:\"\";s:11:\"logo_upload\";s:0:\"\";s:11:\"logo_retina\";s:0:\"\";s:17:\"retina_logo_width\";s:0:\"\";}",
        "bd_cat_9": "a:15:{s:14:\"bdaia_fp_speed\";s:0:\"\";s:13:\"bdaia_fp_time\";s:0:\"\";s:14:\"bdaia_fp_style\";s:7:\"default\";s:19:\"bdaia_fp_sort_order\";s:0:\"\";s:18:\"bdaia_fp_num_posts\";s:0:\"\";s:15:\"bdaia_fp_offset\";s:0:\"\";s:9:\"cat_color\";s:0:\"\";s:16:\"custom_styles_bd\";a:6:{s:3:\"img\";s:0:\"\";s:5:\"color\";s:0:\"\";s:6:\"repeat\";s:0:\"\";s:10:\"attachment\";s:0:\"\";s:3:\"hor\";s:0:\"\";s:3:\"ver\";s:0:\"\";}s:22:\"bdaia_cat_post_display\";s:12:\"blockStyle13\";s:23:\"bdaia_cat_post_template\";s:0:\"\";s:10:\"sidebar_po\";s:0:\"\";s:13:\"logo_displays\";s:0:\"\";s:11:\"logo_upload\";s:0:\"\";s:11:\"logo_retina\";s:0:\"\";s:17:\"retina_logo_width\";s:0:\"\";}"
    },
    "no_autoload": []
}