[{"primary-widget":["bdaia-widget-e3-2","bdaia-widget-box5-2"],"first-footer-widget-area":["bdaia-widget-html-2"],"second-footer-widget-area":["bdaia-widget-box1-2"],"third-footer-widget-area":["categories-2","bdaia-social-links-2"]},{"bdaia-widget-e3":{"2":{"title":"","trans_bg":"true","image":"http:\/\/woo.bdayh.com\/wp-content\/uploads\/2016\/03\/e2.jpg","ad_image_url":"http:\/\/themeforest.net\/item\/i\/13570398?ref=bdaia","new_window":"true","nofollow":"true","ad_code":""},"_multiwidget":1},"bdaia-widget-box5":{"2":{"title":"Editors' Picks","num_posts":"2","box_color":"#333333","cat_uid":"","cat_uids":"bdaia-golf,bdaia-football","tag_slug":"","posts":"","sort_order":"comment_count","review":"","com_meta":"","author_meta":"true","date_meta":"true","thumbnail":"","ajax_pagination":"load_more"},"_multiwidget":1},"bdaia-widget-html":{"2":{"title":"","trans_bg":"true","html_code":"<p>\r\n<img src=\"http:\/\/woo.bdayh.com\/woo-sport\/wp-content\/uploads\/2016\/04\/woo-sport-logo.png\" alt=\"\" \/>\r\n<\/p>\r\n<p style=\"margin-top:25px;\">\r\nWoohoo is the ultimate News WordPress theme. It is clean, super flexible, responsive! This News, Newspaper WordPress theme sets the new standard with endless possibilities, and lifetime updates with newly requested features from our users. And its the most easy-to use theme on the market!\r\n<\/p>","image":""},"_multiwidget":1},"bdaia-widget-box1":{"2":{"title":"Recent News","num_posts":"2","box_color":"","cat_uid":"","cat_uids":"","tag_slug":"","posts":"","sort_order":"random_posts","review":"","com_meta":"","author_meta":"true","date_meta":"true","thumbnail":"","ajax_pagination":""},"_multiwidget":1},"categories":{"2":{"title":"Popular Category","count":1,"hierarchical":0,"dropdown":0},"_multiwidget":1},"bdaia-social-links":{"2":{"title":"Follow Me"},"_multiwidget":1}}]