[{"primary-widget":["bdaia-widget-html-2","bdaia-social-links-3","bdaia-widget-box6-2","bdaia-widget-e3-2","bdaia-widget-facebook-2"],"page-widget":["bdaia-widget-html-4","bdaia-social-links-4","bdaia-widget-facebook-4"],"categories-widget":["bdaia-widget-html-3","bdaia-widget-box1-2","bdaia-widget-facebook-3"]},{"bdaia-widget-html":{"2":{"title":"About Me","html_code":"<p style=\"padding-bottom: 20px; text-align: center;\"><img src=\"http:\/\/woo.bdayh.com\/woo-blog1\/wp-content\/uploads\/2016\/04\/si-pic.jpg\" alt=\"\" \/><\/p>\r\n\r\n<p style=\"text-align: center;\">I\u2019m Amr Sadek, husband, father, and a tech geek. I love Photography<\/p>\r\n\r\n<p style=\"padding-top: 15px; text-align: center;\"><img src=\"http:\/\/woo.bdayh.com\/woo-blog1\/wp-content\/uploads\/2016\/04\/si.png\" alt=\"\" \/><\/p>","image":""},"4":{"title":"About Me","html_code":"<p style=\"padding-bottom: 20px; text-align: center;\"><img src=\"http:\/\/woo.bdayh.com\/woo-blog1\/wp-content\/uploads\/2016\/04\/si-pic.jpg\" alt=\"\" \/><\/p>\r\n\r\n<p style=\"text-align: center;\">I\u2019m Amr Sadek, husband, father, and a tech geek. I love Photography<\/p>\r\n\r\n<p style=\"padding-top: 15px; text-align: center;\"><img src=\"http:\/\/woo.bdayh.com\/woo-blog1\/wp-content\/uploads\/2016\/04\/si.png\" alt=\"\" \/><\/p>","image":""},"3":{"title":"About Me","html_code":"<p style=\"padding-bottom: 20px; text-align: center;\"><img src=\"http:\/\/woo.bdayh.com\/woo-blog1\/wp-content\/uploads\/2016\/04\/si-pic.jpg\" alt=\"\" \/><\/p>\r\n\r\n<p style=\"text-align: center;\">I\u2019m Amr Sadek, husband, father, and a tech geek. I love Photography<\/p>\r\n\r\n<p style=\"padding-top: 15px; text-align: center;\"><img src=\"http:\/\/woo.bdayh.com\/woo-blog1\/wp-content\/uploads\/2016\/04\/si.png\" alt=\"\" \/><\/p>","image":""},"_multiwidget":1},"bdaia-social-links":{"3":{"title":"Follow Me"},"4":{"title":"Follow Me"},"_multiwidget":1},"bdaia-widget-box6":{"2":{"title":"Popular posts","num_posts":"4","box_color":"","cat_uid":"","cat_uids":"","tag_slug":"","posts":"","sort_order":"popular","review":"","com_meta":"","author_meta":"","date_meta":"true","thumbnail":"","ajax_pagination":""},"_multiwidget":1},"bdaia-widget-e3":{"2":{"title":"","trans_bg":"true","image":"http:\/\/woo.bdayh.com\/wp-content\/uploads\/2016\/03\/e2.jpg","ad_image_url":"http:\/\/themeforest.net\/item\/i\/13570398?ref=bdaia","new_window":"true","nofollow":"true","ad_code":""},"_multiwidget":1},"bdaia-widget-facebook":{"2":{"title":"Find us on Facebook","page_url":"https:\/\/www.facebook.com\/bdayhwp\/"},"4":{"title":"Find us on Facebook","page_url":"https:\/\/www.facebook.com\/bdayhwp\/"},"3":{"title":"Find us on Facebook","page_url":"https:\/\/www.facebook.com\/bdayhwp\/"},"_multiwidget":1},"bdaia-widget-box1":{"2":{"title":"Latest Posts","num_posts":"5","box_color":"","cat_uid":"","cat_uids":"","tag_slug":"","posts":"","sort_order":"","review":"","com_meta":"","author_meta":"","date_meta":"true","thumbnail":"","ajax_pagination":""},"_multiwidget":1}}]