[{"primary-widget":["bdaia-widget-e3-2","bdaia-widget-box3-2","bdaia-widget-box5-2"]},{"bdaia-widget-e3":{"2":{"title":"","trans_bg":"true","image":"http:\/\/woo.bdayh.com\/woo-fashion\/wp-content\/uploads\/2016\/04\/woo-shop-e5.jpg","ad_image_url":"http:\/\/themeforest.net\/item\/i\/13570398?ref=bdaia","new_window":"true","nofollow":"true","ad_code":""},"_multiwidget":1},"bdaia-widget-box3":{"2":{"title":"Most Popular","num_posts":"4","box_color":"","cat_uid":"","cat_uids":"","tag_slug":"","posts":"","sort_order":"popular","review":"","com_meta":"","author_meta":"","date_meta":"","thumbnail":"","ajax_pagination":"load_more"},"_multiwidget":1},"bdaia-widget-box5":{"2":{"title":"Highlights","num_posts":"2","box_color":"","cat_uid":"","cat_uids":"bdaia-highlights","tag_slug":"","posts":"","sort_order":"","review":"true","com_meta":"","author_meta":"true","date_meta":"true","thumbnail":"","ajax_pagination":"load_more"},"_multiwidget":1}}]