[{"primary-widget":["bdaia-widget-e3-2","bdaia-widget-box6-2","bdaia-tabs-2","bdaia-social-links-2"],"first-footer-widget-area":["bdaia-widget-box1-3"],"second-footer-widget-area":["bdaia-widget-box5-2"],"third-footer-widget-area":["bdaia-widget-timeline-2"],"custom-sidebar-66":["bdaia-widget-box6-3","bdaia-widget-e3-3"]},{"bdaia-widget-e3":{"2":{"title":"","trans_bg":"true","image":"http:\/\/woo.bdayh.com\/woo-health\/wp-content\/uploads\/2016\/04\/e2.jpg","ad_image_url":"http:\/\/themeforest.net\/item\/i\/13570398?ref=bdaia","new_window":"true","nofollow":"true","ad_code":""},"3":{"title":"","trans_bg":"true","image":"http:\/\/woo.bdayh.com\/woo-health\/wp-content\/uploads\/2016\/04\/e2.jpg","ad_image_url":"http:\/\/themeforest.net\/item\/i\/13570398?ref=bdaia","new_window":"true","nofollow":"true","ad_code":""},"_multiwidget":1},"bdaia-widget-box6":{"2":{"title":"Recent Posts","num_posts":"4","box_color":"","cat_uid":"","cat_uids":"","tag_slug":"","posts":"","sort_order":"","review":"","com_meta":"","author_meta":"true","date_meta":"true","thumbnail":"","ajax_pagination":""},"3":{"title":"Editors' Picks","num_posts":"5","box_color":"","cat_uid":"","cat_uids":"","tag_slug":"","posts":"","sort_order":"popular","review":"","com_meta":"","author_meta":"true","date_meta":"true","thumbnail":"","ajax_pagination":"load_more"},"_multiwidget":1},"bdaia-tabs":{"2":{"num_posts":"4","review":"","com_meta":"","author_meta":"true","date_meta":"true","thumbnail":""},"_multiwidget":1},"bdaia-social-links":{"2":{"title":"Follow Me"},"_multiwidget":1},"bdaia-widget-box1":{"3":{"title":"Popular posts","num_posts":"4","box_color":"","cat_uid":"","cat_uids":"","tag_slug":"","posts":"","sort_order":"popular","review":"","com_meta":"","author_meta":"true","date_meta":"true","thumbnail":"","ajax_pagination":""},"_multiwidget":1},"bdaia-widget-box5":{"2":{"title":"Editors' Picks","num_posts":"1","box_color":"","cat_uid":"","cat_uids":"","tag_slug":"","posts":"275,240","sort_order":"random_posts","review":"true","com_meta":"","author_meta":"true","date_meta":"true","thumbnail":"","ajax_pagination":""},"_multiwidget":1},"bdaia-widget-timeline":{"2":{"title":"Recipes","num_posts":"6","cat_uid":"bdaia-recipes","cat_uids":"","tag_slug":"","posts":"","sort_order":"random_posts"},"_multiwidget":1}}]