[{"primary-widget":["bdaia-widget-e3-2","bdaia-tabs-2","bdaia-widget-box3-2","bdaia-widget-box6-2","bd-login-2","bdaia-widget-facebook-2"],"first-footer-widget-area":["bdaia-widget-box1-2"],"second-footer-widget-area":["categories-2"],"third-footer-widget-area":["bdaia-widget-box1-3"]},{"bdaia-widget-counter":{"2":{"title":"Follow TechNews","get_posts_count":null,"get_comments_count":null,"get_members_count":null,"rssurl":null,"drbl_un":null,"access_token":null,"forrst_id":null,"delicious":null,"facebookn":"Ra7ala.Shots","fb_access_token":"","gplusn":"+amrsadek","gplusn_api":"","youtubeun":"TEAMMESAI","youtube_api_key":"","vimocn":"kidproof","soundcloudun":"maherzain","socialstyle":"style4","youtube_type":"user","instgram":null,"instgram_token":null,"soundcloud_api":"","twitter":"true"},"_multiwidget":1},"bdaia-widget-e3":{"2":{"trans_bg":"true","image":"http:\/\/woo.bdayh.com\/woo-tech\/wp-content\/uploads\/2016\/06\/e2.jpg","ad_image_url":"http:\/\/themeforest.net\/item\/i\/13570398?ref=bdaia"},"_multiwidget":1},"bdaia-tabs":{"2":{"num_posts":"4","review":"true","com_meta":"","author_meta":"true","date_meta":"true","thumbnail":""},"_multiwidget":1},"bdaia-widget-box3":{"2":{"title":"Recent Tech","num_posts":"4","box_color":"#feba00","cat_uid":"tech","cat_uids":"","tag_slug":"","posts":"","sort_order":"","review":"","com_meta":"","author_meta":"","date_meta":"","thumbnail":"","ajax_pagination":"load_more"},"_multiwidget":1},"bdaia-widget-box6":{"2":{"title":"Latest Reviews","num_posts":"3","box_color":"#00a2f0","cat_uid":null,"cat_uids":"","tag_slug":"","posts":"","sort_order":"review_high","review":"true","com_meta":"","author_meta":"","date_meta":"","thumbnail":"","ajax_pagination":"next_prev"},"_multiwidget":1},"bd-login":{"2":{"title":"Login"},"_multiwidget":1},"bdaia-widget-facebook":{"2":{"title":"Follow us","page_url":"https:\/\/www.facebook.com\/envato"},"_multiwidget":1},"bdaia-widget-box1":{"2":{"title":"Popular news","num_posts":"3","box_color":"","cat_uid":null,"cat_uids":"","tag_slug":"","posts":"","sort_order":"popular","review":"true","com_meta":"","author_meta":"true","date_meta":"true","thumbnail":"","ajax_pagination":""},"3":{"title":"Editor Picks","num_posts":"3","box_color":"","cat_uid":null,"cat_uids":"","tag_slug":"","posts":"","sort_order":"review_high","review":"true","com_meta":"","author_meta":"true","date_meta":"true","thumbnail":"","ajax_pagination":""},"_multiwidget":1},"categories":{"2":{"title":"Popular Categories","count":1,"hierarchical":0,"dropdown":0},"_multiwidget":1}}]