{
    "version": 5,
    "options": {
        "bd_cat_2": "a:16:{s:13:\"bdaia_fp_onof\";s:4:\"true\";s:14:\"bdaia_fp_speed\";s:0:\"\";s:13:\"bdaia_fp_time\";s:0:\"\";s:14:\"bdaia_fp_style\";s:5:\"grid4\";s:19:\"bdaia_fp_sort_order\";s:12:\"random_posts\";s:18:\"bdaia_fp_num_posts\";s:1:\"4\";s:15:\"bdaia_fp_offset\";s:0:\"\";s:9:\"cat_color\";s:7:\"#FF34BC\";s:16:\"custom_styles_bd\";a:6:{s:3:\"img\";s:0:\"\";s:5:\"color\";s:0:\"\";s:6:\"repeat\";s:0:\"\";s:10:\"attachment\";s:0:\"\";s:3:\"hor\";s:0:\"\";s:3:\"ver\";s:0:\"\";}s:22:\"bdaia_cat_post_display\";s:11:\"blockStyle7\";s:23:\"bdaia_cat_post_template\";s:0:\"\";s:10:\"sidebar_po\";s:0:\"\";s:13:\"logo_displays\";s:0:\"\";s:11:\"logo_upload\";s:0:\"\";s:11:\"logo_retina\";s:0:\"\";s:17:\"retina_logo_width\";s:0:\"\";}",
        "bd_cat_3": "a:15:{s:13:\"bdaia_fp_onof\";s:4:\"true\";s:14:\"bdaia_fp_speed\";s:0:\"\";s:13:\"bdaia_fp_time\";s:0:\"\";s:14:\"bdaia_fp_style\";s:5:\"grid1\";s:19:\"bdaia_fp_sort_order\";s:12:\"random_posts\";s:18:\"bdaia_fp_num_posts\";s:1:\"3\";s:15:\"bdaia_fp_offset\";s:0:\"\";s:9:\"cat_color\";s:7:\"#7E69EF\";s:16:\"custom_styles_bd\";a:6:{s:3:\"img\";s:0:\"\";s:5:\"color\";s:0:\"\";s:6:\"repeat\";s:0:\"\";s:10:\"attachment\";s:0:\"\";s:3:\"hor\";s:0:\"\";s:3:\"ver\";s:0:\"\";}s:23:\"bdaia_cat_post_template\";s:0:\"\";s:10:\"sidebar_po\";s:0:\"\";s:13:\"logo_displays\";s:0:\"\";s:11:\"logo_upload\";s:0:\"\";s:11:\"logo_retina\";s:0:\"\";s:17:\"retina_logo_width\";s:0:\"\";}",
        "bd_cat_4": "a:15:{s:13:\"bdaia_fp_onof\";s:4:\"true\";s:14:\"bdaia_fp_speed\";s:0:\"\";s:13:\"bdaia_fp_time\";s:0:\"\";s:14:\"bdaia_fp_style\";s:8:\"carousel\";s:19:\"bdaia_fp_sort_order\";s:12:\"random_posts\";s:18:\"bdaia_fp_num_posts\";s:1:\"4\";s:15:\"bdaia_fp_offset\";s:0:\"\";s:9:\"cat_color\";s:7:\"#039BE9\";s:16:\"custom_styles_bd\";a:6:{s:3:\"img\";s:59:\"http:\/\/woo.bdayh.com\/wp-content\/uploads\/2016\/03\/tech-bg.png\";s:5:\"color\";s:7:\"#FFFFFF\";s:6:\"repeat\";s:0:\"\";s:10:\"attachment\";s:0:\"\";s:3:\"hor\";s:0:\"\";s:3:\"ver\";s:0:\"\";}s:23:\"bdaia_cat_post_template\";s:0:\"\";s:10:\"sidebar_po\";s:0:\"\";s:13:\"logo_displays\";s:10:\"logo_image\";s:11:\"logo_upload\";s:61:\"http:\/\/woo.bdayh.com\/wp-content\/uploads\/2016\/03\/logo-tech.png\";s:11:\"logo_retina\";s:64:\"http:\/\/woo.bdayh.com\/wp-content\/uploads\/2016\/03\/logo-tech@2x.png\";s:17:\"retina_logo_width\";s:3:\"250\";}",
        "bd_cat_5": "a:16:{s:13:\"bdaia_fp_onof\";s:4:\"true\";s:14:\"bdaia_fp_speed\";s:0:\"\";s:13:\"bdaia_fp_time\";s:0:\"\";s:14:\"bdaia_fp_style\";s:5:\"grid2\";s:19:\"bdaia_fp_sort_order\";s:12:\"random_posts\";s:18:\"bdaia_fp_num_posts\";s:1:\"5\";s:15:\"bdaia_fp_offset\";s:0:\"\";s:9:\"cat_color\";s:0:\"\";s:16:\"custom_styles_bd\";a:6:{s:3:\"img\";s:0:\"\";s:5:\"color\";s:0:\"\";s:6:\"repeat\";s:0:\"\";s:10:\"attachment\";s:0:\"\";s:3:\"hor\";s:0:\"\";s:3:\"ver\";s:0:\"\";}s:22:\"bdaia_cat_post_display\";s:11:\"blockStyle2\";s:23:\"bdaia_cat_post_template\";s:0:\"\";s:10:\"sidebar_po\";s:0:\"\";s:13:\"logo_displays\";s:0:\"\";s:11:\"logo_upload\";s:0:\"\";s:11:\"logo_retina\";s:0:\"\";s:17:\"retina_logo_width\";s:0:\"\";}",
        "bd_cat_6": "a:16:{s:13:\"bdaia_fp_onof\";s:4:\"true\";s:14:\"bdaia_fp_speed\";s:0:\"\";s:13:\"bdaia_fp_time\";s:0:\"\";s:14:\"bdaia_fp_style\";s:8:\"eislider\";s:19:\"bdaia_fp_sort_order\";s:12:\"random_posts\";s:18:\"bdaia_fp_num_posts\";s:1:\"5\";s:15:\"bdaia_fp_offset\";s:0:\"\";s:9:\"cat_color\";s:0:\"\";s:16:\"custom_styles_bd\";a:6:{s:3:\"img\";s:0:\"\";s:5:\"color\";s:0:\"\";s:6:\"repeat\";s:0:\"\";s:10:\"attachment\";s:0:\"\";s:3:\"hor\";s:0:\"\";s:3:\"ver\";s:0:\"\";}s:22:\"bdaia_cat_post_display\";s:11:\"blockStyle6\";s:23:\"bdaia_cat_post_template\";s:0:\"\";s:10:\"sidebar_po\";s:0:\"\";s:13:\"logo_displays\";s:0:\"\";s:11:\"logo_upload\";s:0:\"\";s:11:\"logo_retina\";s:0:\"\";s:17:\"retina_logo_width\";s:0:\"\";}",
        "bd_cat_8": "a:16:{s:13:\"bdaia_fp_onof\";s:4:\"true\";s:14:\"bdaia_fp_speed\";s:0:\"\";s:13:\"bdaia_fp_time\";s:0:\"\";s:14:\"bdaia_fp_style\";s:5:\"grid3\";s:19:\"bdaia_fp_sort_order\";s:12:\"random_posts\";s:18:\"bdaia_fp_num_posts\";s:1:\"5\";s:15:\"bdaia_fp_offset\";s:0:\"\";s:9:\"cat_color\";s:0:\"\";s:16:\"custom_styles_bd\";a:6:{s:3:\"img\";s:0:\"\";s:5:\"color\";s:0:\"\";s:6:\"repeat\";s:0:\"\";s:10:\"attachment\";s:0:\"\";s:3:\"hor\";s:0:\"\";s:3:\"ver\";s:0:\"\";}s:22:\"bdaia_cat_post_display\";s:11:\"blockStyle3\";s:23:\"bdaia_cat_post_template\";s:0:\"\";s:10:\"sidebar_po\";s:0:\"\";s:13:\"logo_displays\";s:0:\"\";s:11:\"logo_upload\";s:0:\"\";s:11:\"logo_retina\";s:0:\"\";s:17:\"retina_logo_width\";s:0:\"\";}"
    },
    "no_autoload": []
}