[{"primary-widget":["bdaia-widget-counter-2","bdaia-widget-e3-2","mc4wp_form_widget-2","bdaia-widget-box6-2","bdaia-tabs-2","bdaia-social-links-3","bdaia-widget-box3-2","bdaia-widget-box5-2","bdaia-widget-box7-2","bdaia-widget-e3-3","bd-login-2"],"woocommerce-widget":["woocommerce_product_search-2","woocommerce_price_filter-2","woocommerce_products-2","woocommerce_product_tag_cloud-2","woocommerce_product_categories-2"],"first-footer-widget-area":["bdaia-widget-html-2","bdaia-social-links-2"],"second-footer-widget-area":["bdaia-widget-box1-2"],"third-footer-widget-area":["bdaia-widget-timeline-2"],"custom-sidebar-87":["bdaia-widget-counter-4","bdaia-widget-e3-6","bdaia-widget-box6-5"],"custom-sidebar-100":["bdaia-widget-counter-3","bdaia-widget-e3-5","bdaia-widget-box6-4"]},{"bdaia-widget-counter":{"2":{"title":"Stay Connected","get_posts_count":"true","get_comments_count":"true","get_members_count":"true","rssurl":null,"drbl_un":"","access_token":"","forrst_id":null,"delicious":"","facebookn":"","fb_access_token":"","gplusn":"","gplusn_api":"","youtubeun":"","youtube_api_key":"","vimocn":"","soundcloudun":"","socialstyle":"style3","youtube_type":"user","instgram":"","instgram_token":"","soundcloud_api":"","twitter":""},"4":{"title":"Stay Connected","get_posts_count":"true","get_comments_count":"true","get_members_count":"true","rssurl":null,"drbl_un":"","access_token":"","forrst_id":null,"delicious":"","facebookn":"","fb_access_token":"","gplusn":"","gplusn_api":"","youtubeun":"","youtube_api_key":"","vimocn":"","soundcloudun":"","socialstyle":"style2","youtube_type":"user","instgram":"","instgram_token":"","soundcloud_api":"","twitter":""},"3":{"title":"Stay Connected","get_posts_count":"true","get_comments_count":"true","get_members_count":"true","rssurl":null,"drbl_un":"","access_token":"","forrst_id":null,"delicious":"","facebookn":"","fb_access_token":"","gplusn":"","gplusn_api":"","youtubeun":"","youtube_api_key":"","vimocn":"","soundcloudun":"","socialstyle":"style1","youtube_type":"user","instgram":"","instgram_token":"","soundcloud_api":"","twitter":""},"_multiwidget":1},"bdaia-widget-e3":{"2":{"title":"e3","trans_bg":"true","image":"http:\/\/woo.bdayh.com\/wp-content\/uploads\/2016\/03\/e2.jpg","ad_image_url":"http:\/\/themeforest.net\/item\/i\/13570398?ref=bdaia","new_window":"true","nofollow":"true","ad_code":""},"3":{"title":"e3","trans_bg":"true","image":"http:\/\/woo.bdayh.com\/wp-content\/uploads\/2016\/03\/e2.jpg","ad_image_url":"http:\/\/themeforest.net\/item\/i\/13570398?ref=bdaia","new_window":"true","nofollow":"true","ad_code":""},"6":{"title":"","trans_bg":"true","image":"http:\/\/woo.bdayh.com\/wp-content\/uploads\/2016\/03\/e2.jpg","ad_image_url":"http:\/\/themeforest.net\/item\/i\/13570398?ref=bdaia","new_window":"true","nofollow":"true","ad_code":""},"5":{"title":"","trans_bg":"true","image":"http:\/\/woo.bdayh.com\/wp-content\/uploads\/2016\/03\/e2.jpg","ad_image_url":"http:\/\/themeforest.net\/item\/i\/13570398?ref=bdaia","new_window":"true","nofollow":"true","ad_code":""},"_multiwidget":1},"mc4wp_form_widget":{"2":{"title":"Newsletter"},"_multiwidget":1},"bdaia-widget-box6":{"2":{"title":"Latest Reviews","num_posts":"4","box_color":"#F99700","cat_uid":"","cat_uids":"","tag_slug":"","posts":"","sort_order":"review_high","review":"true","com_meta":"","author_meta":"true","date_meta":"true","thumbnail":"","ajax_pagination":""},"5":{"title":"Most Recent","num_posts":"3","box_color":"#E6A602","cat_uid":"","cat_uids":"","tag_slug":"","posts":"","sort_order":"","review":"true","com_meta":"","author_meta":"true","date_meta":"true","thumbnail":"","ajax_pagination":"load_more"},"4":{"title":"Most Recent","num_posts":"2","box_color":"#E6A602","cat_uid":"","cat_uids":"","tag_slug":"","posts":"","sort_order":"","review":"true","com_meta":"","author_meta":"true","date_meta":"true","thumbnail":"","ajax_pagination":"load_more"},"_multiwidget":1},"bdaia-tabs":{"2":{"num_posts":"4","review":"true","com_meta":"","author_meta":"true","date_meta":"true","thumbnail":""},"_multiwidget":1},"bdaia-social-links":{"3":{"title":"Social"},"2":{"title":"Follow Me"},"_multiwidget":1},"bdaia-widget-box3":{"2":{"title":"Entertainment","num_posts":"4","box_color":"#56B85A","cat_uid":"entertainment","cat_uids":"","tag_slug":"","posts":"","sort_order":"comment_count","review":"","com_meta":"","author_meta":"","date_meta":"","thumbnail":"","ajax_pagination":"load_more"},"_multiwidget":1},"bdaia-widget-box5":{"2":{"title":"Random Post","num_posts":"1","box_color":"#E6A602","cat_uid":"","cat_uids":"","tag_slug":"","posts":"","sort_order":"random_posts","review":"true","com_meta":"","author_meta":"true","date_meta":"true","thumbnail":"","ajax_pagination":""},"_multiwidget":1},"bdaia-widget-box7":{"2":{"title":"Popular Lifestyle","num_posts":"1","box_color":"#F54D3D","cat_uid":"lifestyle","cat_uids":"","tag_slug":"","posts":"","sort_order":"popular","review":"true","com_meta":"","author_meta":"true","date_meta":"true","thumbnail":"","ajax_pagination":"next_prev"},"_multiwidget":1},"bd-login":{"2":{"title":"Login"},"_multiwidget":1},"woocommerce_product_search":{"2":{"title":"Search"},"_multiwidget":1},"woocommerce_price_filter":{"2":{"title":"Filter by price"},"_multiwidget":1},"woocommerce_products":{"2":{"title":"Must Products","number":6,"show":"","orderby":"date","order":"desc","hide_free":0,"show_hidden":0},"_multiwidget":1},"woocommerce_product_tag_cloud":{"2":{"title":"Product Tags"},"_multiwidget":1},"woocommerce_product_categories":{"2":{"title":"Product Categories","orderby":"name","dropdown":0,"count":1,"hierarchical":1,"show_children_only":0,"hide_empty":1},"_multiwidget":1},"bdaia-widget-html":{"2":{"title":"About US","trans_bg":"true","html_code":"<p>\r\n<img src=\"http:\/\/woo.bdayh.com\/wp-content\/uploads\/2016\/03\/footer-logo.png\" alt=\"\" \/>\r\n<\/p>\r\n<p style=\"margin-top:25px;\">\r\nWoohoo is the ultimate News WordPress theme. It is clean, super flexible, responsive! This News, Newspaper WordPress theme sets the new standard with endless possibilities, and lifetime updates with newly requested features from our users. And its the most easy-to use theme on the market!\r\n<\/p>\r\n<p style=\"margin-top:20px;\">\r\nBuilt with HTML5 & CSS3, The clean News design can be used for any type of website: News, Blog, Minimal, Personal, Magazin, Newspaper, Products, etc.\r\n<\/p>","image":""},"_multiwidget":1},"bdaia-widget-box1":{"2":{"title":"Popular Posts","num_posts":"4","box_color":"","cat_uid":"","cat_uids":"","tag_slug":"","posts":"","sort_order":"popular","review":"true","com_meta":"","author_meta":"true","date_meta":"true","thumbnail":"","ajax_pagination":""},"_multiwidget":1},"bdaia-widget-timeline":{"2":{"title":"Timeline","num_posts":"5","cat_uid":"","cat_uids":"","tag_slug":"","posts":"","sort_order":""},"_multiwidget":1}}]